<metadata xml:lang="en"><Esri><CreaDate>20201121</CreaDate><CreaTime>19011400</CreaTime><ArcGISFormat>1.0</ArcGISFormat><SyncOnce>FALSE</SyncOnce><DataProperties><lineage><Process ToolSource="c:\program files\arcgis\pro\Resources\ArcToolbox\toolboxes\Data Management Tools.tbx\CreateFeatureclass" Date="20201121" Time="190114">CreateFeatureclass C:/Users/hedlu/Desktop/corona/stats/stats.gdb us_counties11_21_z Point C:/Users/hedlu/Desktop/corona/stats/stats.gdb/countiesEI No No "PROJCS['NAD_1983_2011_Contiguous_USA_Albers',GEOGCS['GCS_NAD_1983_2011',DATUM['D_NAD_1983_2011',SPHEROID['GRS_1980',6378137.0,298.257222101]],PRIMEM['Greenwich',0.0],UNIT['Degree',0.0174532925199433]],PROJECTION['Albers'],PARAMETER['False_Easting',0.0],PARAMETER['False_Northing',0.0],PARAMETER['Central_Meridian',-96.0],PARAMETER['Standard_Parallel_1',29.5],PARAMETER['Standard_Parallel_2',45.5],PARAMETER['Latitude_Of_Origin',23.0],UNIT['Meter',1.0]];-16901100 -6972200 10000;-100000 10000;-100000 10000;0.001;0.001;0.001;IsHighPrecision" # 0 0 0 #</Process><Process ToolSource="c:\program files\arcgis\pro\Resources\ArcToolbox\toolboxes\Data Management Tools.tbx\Sort" Date="20201121" Time="190222">Sort C:/Users/hedlu/Desktop/corona/stats/stats.gdb/us_counties11_21_z C:\Users\hedlu\Desktop\corona\stats\stats.gdb\us_counties11_21 "FIPS ASCENDING;Date ASCENDING" "Upper right"</Process><Process ToolSource="c:\program files\arcgis\pro\Resources\ArcToolbox\toolboxes\Conversion Tools.tbx\FeatureClassToFeatureClass" Date="20201121" Time="193524">FeatureClassToFeatureClass us_counties11_21 C:\Users\hedlu\Desktop\corona\Git August-November21st.shp # "State "State" true true false 50 Text 0 0,First,#,us_counties11_21,State,0,50;County "County" true true false 50 Text 0 0,First,#,us_counties11_21,County,0,50;FIPS "FIPS" true true false 10 Text 0 0,First,#,us_counties11_21,FIPS,0,10;Cases "Cases" true true false 4 Long 0 0,First,#,us_counties11_21,Cases,-1,-1;Deaths "Deaths" true true false 4 Long 0 0,First,#,us_counties11_21,Deaths,-1,-1;Date "Date" true true false 8 Date 0 0,First,#,us_counties11_21,Date,-1,-1;PopEst2019 "PopEst2019" true true false 4 Long 0 0,First,#,us_counties11_21,PopEst2019,-1,-1;Recovered "Recovered" true true false 4 Long 0 0,First,#,us_counties11_21,Recovered,-1,-1;PreviousDC "PreviousDC" true true false 4 Long 0 0,First,#,us_counties11_21,PreviousDC,-1,-1;PreviousWC "PreviousWC" true true false 4 Long 0 0,First,#,us_counties11_21,PreviousWC,-1,-1;PreviousDD "PreviousDD" true true false 4 Long 0 0,First,#,us_counties11_21,PreviousDD,-1,-1;PreviousWD "PreviousWD" true true false 4 Long 0 0,First,#,us_counties11_21,PreviousWD,-1,-1;Active "Active" true true false 8 Double 0 0,First,#,us_counties11_21,Active,-1,-1;ActivePW "ActivePW" true true false 8 Double 0 0,First,#,us_counties11_21,ActivePW,-1,-1;ActivePWInc "ActivePWInc" true true false 8 Double 0 0,First,#,us_counties11_21,ActivePWInc,-1,-1;PerCap "PerCap" true true false 8 Double 0 0,First,#,us_counties11_21,PerCap,-1,-1;AreaSM "AreaSM" true true false 8 Double 0 0,First,#,us_counties11_21,AreaSM,-1,-1;PopPerSqM "PopPerSqM" true true false 8 Double 0 0,First,#,us_counties11_21,PopPerSqM,-1,-1;ToShore "ToShore" true true false 8 Double 0 0,First,#,us_counties11_21,ToShore,-1,-1;CasePerCap "CasePerCap" true true false 8 Double 0 0,First,#,us_counties11_21,CasePerCap,-1,-1;DeathPerCap "DeathPerCap" true true false 8 Double 0 0,First,#,us_counties11_21,DeathPerCap,-1,-1;MedInc "MedInc" true true false 4 Long 0 0,First,#,us_counties11_21,MedInc,-1,-1;PctGOP "PctGOP" true true false 4 Float 0 0,First,#,us_counties11_21,PctGOP,-1,-1;caseFatal "caseFatal" true true false 8 Double 0 0,First,#,us_counties11_21,caseFatal,-1,-1;LastWeekC "LastWeekC" true true false 4 Long 0 0,First,#,us_counties11_21,LastWeekC,-1,-1;LastWeekD "LastWeekD" true true false 4 Long 0 0,First,#,us_counties11_21,LastWeekD,-1,-1;TwoWeekC "TwoWeekC" true true false 4 Long 0 0,First,#,us_counties11_21,TwoWeekC,-1,-1;TwoWeekD "TwoWeekD" true true false 4 Long 0 0,First,#,us_counties11_21,TwoWeekD,-1,-1;LastWeekCpC "LastWeekCpC" true true false 4 Float 0 0,First,#,us_counties11_21,LastWeekCpC,-1,-1;LastWeekDpC "LastWeekDpC" true true false 4 Float 0 0,First,#,us_counties11_21,LastWeekDpC,-1,-1;TwoWeekCpC "TwoWeekCpC" true true false 4 Float 0 0,First,#,us_counties11_21,TwoWeekCpC,-1,-1;TwoWeekDpC "TwoWeekDpC" true true false 4 Float 0 0,First,#,us_counties11_21,TwoWeekDpC,-1,-1;WeekCpCInc "WeekCpCInc" true true false 4 Float 0 0,First,#,us_counties11_21,WeekCpCInc,-1,-1;WeekDpCInc "WeekDpCInc" true true false 4 Float 0 0,First,#,us_counties11_21,WeekDpCInc,-1,-1;TwoWeekCpCinc "TwoWeekCpCinc" true true false 4 Float 0 0,First,#,us_counties11_21,TwoWeekCpCinc,-1,-1;TwoWeekDpCinc "TwoWeekDpCinc" true true false 4 Float 0 0,First,#,us_counties11_21,TwoWeekDpCinc,-1,-1;PctBlack "PctBlack" true true false 8 Double 0 0,First,#,us_counties11_21,PctBlack,-1,-1;PctWhite "PctWhite" true true false 8 Double 0 0,First,#,us_counties11_21,PctWhite,-1,-1;PctBachelors "PctBachelors" true true false 8 Double 0 0,First,#,us_counties11_21,PctBachelors,-1,-1;PctGrad "PctGrad" true true false 8 Double 0 0,First,#,us_counties11_21,PctGrad,-1,-1;PctHispanic "PctHispanic" true true false 8 Double 0 0,First,#,us_counties11_21,PctHispanic,-1,-1;PopEst2017 "PopEst2017" true true false 8 Double 0 0,First,#,us_counties11_21,PopEst2017,-1,-1;AverageHHS "AverageHHS" true true false 4 Float 0 0,First,#,us_counties11_21,AverageHHS,-1,-1" #</Process></lineage><itemProps><itemName Sync="TRUE">August-November21st</itemName><imsContentType Sync="TRUE">002</imsContentType><itemLocation><linkage Sync="TRUE">file://\\DESKTOP-FCC2VQN\Users\hedlu\Desktop\corona\Git\August-November21st.shp</linkage><protocol Sync="TRUE">Local Area Network</protocol></itemLocation><itemSize Sync="TRUE">0.000</itemSize></itemProps><coordRef><type Sync="TRUE">Projected</type><geogcsn Sync="TRUE">GCS_NAD_1983_2011</geogcsn><csUnits Sync="TRUE">Linear Unit: Meter (1.000000)</csUnits><projcsn Sync="TRUE">NAD_1983_2011_Contiguous_USA_Albers</projcsn><peXml Sync="TRUE">&lt;ProjectedCoordinateSystem xsi:type='typens:ProjectedCoordinateSystem' xmlns:xsi='http://www.w3.org/2001/XMLSchema-instance' xmlns:xs='http://www.w3.org/2001/XMLSchema' xmlns:typens='http://www.esri.com/schemas/ArcGIS/2.6.0'&gt;&lt;WKT&gt;PROJCS[&amp;quot;NAD_1983_2011_Contiguous_USA_Albers&amp;quot;,GEOGCS[&amp;quot;GCS_NAD_1983_2011&amp;quot;,DATUM[&amp;quot;D_NAD_1983_2011&amp;quot;,SPHEROID[&amp;quot;GRS_1980&amp;quot;,6378137.0,298.257222101]],PRIMEM[&amp;quot;Greenwich&amp;quot;,0.0],UNIT[&amp;quot;Degree&amp;quot;,0.0174532925199433]],PROJECTION[&amp;quot;Albers&amp;quot;],PARAMETER[&amp;quot;False_Easting&amp;quot;,0.0],PARAMETER[&amp;quot;False_Northing&amp;quot;,0.0],PARAMETER[&amp;quot;Central_Meridian&amp;quot;,-96.0],PARAMETER[&amp;quot;Standard_Parallel_1&amp;quot;,29.5],PARAMETER[&amp;quot;Standard_Parallel_2&amp;quot;,45.5],PARAMETER[&amp;quot;Latitude_Of_Origin&amp;quot;,23.0],UNIT[&amp;quot;Meter&amp;quot;,1.0],AUTHORITY[&amp;quot;EPSG&amp;quot;,6350]]&lt;/WKT&gt;&lt;XOrigin&gt;-16901100&lt;/XOrigin&gt;&lt;YOrigin&gt;-6972200&lt;/YOrigin&gt;&lt;XYScale&gt;266467840.99085236&lt;/XYScale&gt;&lt;ZOrigin&gt;-100000&lt;/ZOrigin&gt;&lt;ZScale&gt;10000&lt;/ZScale&gt;&lt;MOrigin&gt;-100000&lt;/MOrigin&gt;&lt;MScale&gt;10000&lt;/MScale&gt;&lt;XYTolerance&gt;0.001&lt;/XYTolerance&gt;&lt;ZTolerance&gt;0.001&lt;/ZTolerance&gt;&lt;MTolerance&gt;0.001&lt;/MTolerance&gt;&lt;HighPrecision&gt;true&lt;/HighPrecision&gt;&lt;WKID&gt;102965&lt;/WKID&gt;&lt;LatestWKID&gt;6350&lt;/LatestWKID&gt;&lt;/ProjectedCoordinateSystem&gt;</peXml></coordRef><LayerFile>{"type":"CIMLayerDocument","version":"2.6.0","build":24783,"layers":["CIMPATH=nov21/august_november21st.xml"],"layerDefinitions":[{"type":"CIMFeatureLayer","name":"August-November21st","uRI":"CIMPATH=nov21/august_november21st.xml","sourceModifiedTime":{"type":"TimeInstant"},"useSourceMetadata":true,"description":"August-November21st","layerElevation":{"type":"CIMLayerElevationSurface","mapElevationID":"{4D76675E-2ED0-40D4-8D92-31C88B6ADCD2}"},"expanded":true,"layerType":"Operational","showLegends":true,"visibility":true,"displayCacheType":"Permanent","maxDisplayCacheAge":5,"showPopups":true,"serviceLayerID":-1,"refreshRate":-1,"refreshRateUnit":"esriTimeUnitsSeconds","autoGenerateFeatureTemplates":true,"featureElevationExpression":"0","featureTable":{"type":"CIMFeatureTable","displayField":"State","editable":true,"dataConnection":{"type":"CIMStandardDataConnection","workspaceConnectionString":"DATABASE=..\\..\\..\\..\\Desktop\\corona\\Git","workspaceFactory":"Shapefile","dataset":"August-November21st","datasetType":"esriDTFeatureClass"},"studyAreaSpatialRel":"esriSpatialRelUndefined","searchOrder":"esriSearchOrderSpatial"},"htmlPopupEnabled":true,"selectable":true,"featureCacheType":"Session","displayFiltersType":"ByScale","labelClasses":[{"type":"CIMLabelClass","expression":"$feature.State","expressionEngine":"Arcade","featuresToLabel":"AllVisibleFeatures","maplexLabelPlacementProperties":{"type":"CIMMaplexLabelPlacementProperties","featureType":"Point","avoidPolygonHoles":true,"canOverrunFeature":true,"canPlaceLabelOutsidePolygon":true,"canRemoveOverlappingLabel":true,"canStackLabel":true,"connectionType":"Unambiguous","constrainOffset":"NoConstraint","contourAlignmentType":"Page","contourLadderType":"Straight","contourMaximumAngle":90,"enableConnection":true,"enablePointPlacementPriorities":true,"featureWeight":0,"fontHeightReductionLimit":4,"fontHeightReductionStep":0.5,"fontWidthReductionLimit":90,"fontWidthReductionStep":5,"graticuleAlignmentType":"Straight","keyNumberGroupName":"Default","labelBuffer":15,"labelLargestPolygon":true,"labelPriority":-1,"labelStackingProperties":{"type":"CIMMaplexLabelStackingProperties","stackAlignment":"ChooseBest","maximumNumberOfLines":3,"minimumNumberOfCharsPerLine":3,"maximumNumberOfCharsPerLine":24,"separators":[{"type":"CIMMaplexStackingSeparator","separator":" ","splitAfter":true},{"type":"CIMMaplexStackingSeparator","separator":",","visible":true,"splitAfter":true}]},"lineFeatureType":"General","linePlacementMethod":"OffsetCurvedFromLine","maximumLabelOverrun":36,"maximumLabelOverrunUnit":"Point","minimumFeatureSizeUnit":"Map","multiPartOption":"OneLabelPerPart","offsetAlongLineProperties":{"type":"CIMMaplexOffsetAlongLineProperties","placementMethod":"BestPositionAlongLine","labelAnchorPoint":"CenterOfLabel","distanceUnit":"Percentage","useLineDirection":true},"pointExternalZonePriorities":{"type":"CIMMaplexExternalZonePriorities","aboveLeft":4,"aboveCenter":2,"aboveRight":1,"centerRight":3,"belowRight":5,"belowCenter":7,"belowLeft":8,"centerLeft":6},"pointPlacementMethod":"AroundPoint","polygonAnchorPointType":"GeometricCenter","polygonBoundaryWeight":0,"polygonExternalZones":{"type":"CIMMaplexExternalZonePriorities","aboveLeft":4,"aboveCenter":2,"aboveRight":1,"centerRight":3,"belowRight":5,"belowCenter":7,"belowLeft":8,"centerLeft":6},"polygonFeatureType":"General","polygonInternalZones":{"type":"CIMMaplexInternalZonePriorities","center":1},"polygonPlacementMethod":"CurvedInPolygon","primaryOffset":1,"primaryOffsetUnit":"Point","removeExtraWhiteSpace":true,"repetitionIntervalUnit":"Point","rotationProperties":{"type":"CIMMaplexRotationProperties","rotationType":"Arithmetic","alignmentType":"Straight"},"secondaryOffset":100,"strategyPriorities":{"type":"CIMMaplexStrategyPriorities","stacking":1,"overrun":2,"fontCompression":3,"fontReduction":4,"abbreviation":5},"thinningDistanceUnit":"Point","truncationMarkerCharacter":".","truncationMinimumLength":1,"truncationPreferredCharacters":"aeiou","truncationExcludedCharacters":"0123456789"},"name":"Class 1","priority":-1,"standardLabelPlacementProperties":{"type":"CIMStandardLabelPlacementProperties","featureType":"Line","featureWeight":"Low","labelWeight":"High","numLabelsOption":"OneLabelPerName","lineLabelPosition":{"type":"CIMStandardLineLabelPosition","above":true,"inLine":true,"parallel":true},"lineLabelPriorities":{"type":"CIMStandardLineLabelPriorities","aboveStart":3,"aboveAlong":3,"aboveEnd":3,"centerStart":3,"centerAlong":3,"centerEnd":3,"belowStart":3,"belowAlong":3,"belowEnd":3},"pointPlacementMethod":"AroundPoint","pointPlacementPriorities":{"type":"CIMStandardPointPlacementPriorities","aboveLeft":2,"aboveCenter":2,"aboveRight":1,"centerLeft":3,"centerRight":2,"belowLeft":3,"belowCenter":3,"belowRight":2},"rotationType":"Arithmetic","polygonPlacementMethod":"AlwaysHorizontal"},"textSymbol":{"type":"CIMSymbolReference","symbol":{"type":"CIMTextSymbol","blockProgression":"TTB","depth3D":1,"extrapolateBaselines":true,"fontEffects":"Normal","fontEncoding":"Unicode","fontFamilyName":"Tahoma","fontStyleName":"Regular","fontType":"Unspecified","haloSize":1,"height":10,"hinting":"Default","horizontalAlignment":"Left","kerning":true,"letterWidth":100,"ligatures":true,"lineGapType":"ExtraLeading","symbol":{"type":"CIMPolygonSymbol","symbolLayers":[{"type":"CIMSolidFill","enable":true,"color":{"type":"CIMRGBColor","values":[0,0,0,100]}}]},"textCase":"Normal","textDirection":"LTR","verticalAlignment":"Bottom","verticalGlyphOrientation":"Right","wordSpacing":100,"billboardMode3D":"FaceNearPlane"}},"useCodedValue":true,"visibility":true,"iD":-1}],"renderer":{"type":"CIMSimpleRenderer","patch":"Default","symbol":{"type":"CIMSymbolReference","symbol":{"type":"CIMPointSymbol","symbolLayers":[{"type":"CIMVectorMarker","enable":true,"anchorPointUnits":"Relative","dominantSizeAxis3D":"Z","size":4,"billboardMode3D":"FaceNearPlane","frame":{"xmin":-2,"ymin":-2,"xmax":2,"ymax":2},"markerGraphics":[{"type":"CIMMarkerGraphic","geometry":{"curveRings":[[[1.2246467991473532e-16,2],{"a":[[1.2246467991473532e-16,2],[0,0],0,1]}]]},"symbol":{"type":"CIMPolygonSymbol","symbolLayers":[{"type":"CIMSolidStroke","enable":true,"capStyle":"Round","joinStyle":"Round","lineStyle3D":"Strip","miterLimit":10,"width":0.69999999999999996,"color":{"type":"CIMRGBColor","values":[0,0,0,100]}},{"type":"CIMSolidFill","enable":true,"color":{"type":"CIMRGBColor","values":[37.7899999999999991,43.1700000000000017,145.349999999999994,100]}}]}}],"respectFrame":true}],"haloSize":1,"scaleX":1,"angleAlignment":"Display"}}},"scaleSymbols":true,"snappable":true}]}</LayerFile></DataProperties><SyncDate>20201121</SyncDate><SyncTime>19345000</SyncTime><ModDate>20201121</ModDate><ModTime>19345000</ModTime></Esri><dataIdInfo><envirDesc Sync="TRUE">Microsoft Windows 10 Version 10.0 (Build 18363) ; Esri ArcGIS 12.6.3.24783</envirDesc><dataLang><languageCode value="eng" Sync="TRUE"></languageCode><countryCode value="USA" Sync="TRUE"></countryCode></dataLang><idCitation><resTitle Sync="TRUE">August-November21st</resTitle><presForm><PresFormCd value="005" Sync="TRUE"></PresFormCd></presForm></idCitation><spatRpType><SpatRepTypCd value="001" Sync="TRUE"></SpatRepTypCd></spatRpType></dataIdInfo><mdLang><languageCode value="eng" Sync="TRUE"></languageCode><countryCode value="USA" Sync="TRUE"></countryCode></mdLang><distInfo><distFormat><formatName Sync="TRUE">Shapefile</formatName></distFormat><distTranOps><transSize Sync="TRUE">0.000</transSize></distTranOps></distInfo><mdHrLv><ScopeCd value="005" Sync="TRUE"></ScopeCd></mdHrLv><mdHrLvName Sync="TRUE">dataset</mdHrLvName><refSysInfo><RefSystem><refSysID><identCode code="6350" Sync="TRUE"></identCode><idCodeSpace Sync="TRUE">EPSG</idCodeSpace><idVersion Sync="TRUE">8.2.2(10.2.1)</idVersion></refSysID></RefSystem></refSysInfo><spatRepInfo><VectSpatRep><geometObjs Name="August-November21st"><geoObjTyp><GeoObjTypCd value="004" Sync="TRUE"></GeoObjTypCd></geoObjTyp><geoObjCnt Sync="TRUE">0</geoObjCnt></geometObjs><topLvl><TopoLevCd value="001" Sync="TRUE"></TopoLevCd></topLvl></VectSpatRep></spatRepInfo><spdoinfo><ptvctinf><esriterm Name="August-November21st"><efeatyp Sync="TRUE">Simple</efeatyp><efeageom code="1" Sync="TRUE"></efeageom><esritopo Sync="TRUE">FALSE</esritopo><efeacnt Sync="TRUE">0</efeacnt><spindex Sync="TRUE">FALSE</spindex><linrefer Sync="TRUE">FALSE</linrefer></esriterm></ptvctinf></spdoinfo><eainfo><detailed Name="August-November21st"><enttyp><enttypl Sync="TRUE">August-November21st</enttypl><enttypt Sync="TRUE">Feature Class</enttypt><enttypc Sync="TRUE">0</enttypc></enttyp><attr><attrlabl Sync="TRUE">FID</attrlabl><attalias Sync="TRUE">FID</attalias><attrtype Sync="TRUE">OID</attrtype><attwidth Sync="TRUE">4</attwidth><atprecis Sync="TRUE">0</atprecis><attscale Sync="TRUE">0</attscale><attrdef Sync="TRUE">Internal feature number.</attrdef><attrdefs Sync="TRUE">Esri</attrdefs><attrdomv><udom Sync="TRUE">Sequential unique whole numbers that are automatically generated.</udom></attrdomv></attr><attr><attrlabl Sync="TRUE">SHAPE</attrlabl><attalias Sync="TRUE">Shape</attalias><attrtype Sync="TRUE">Geometry</attrtype><attwidth Sync="TRUE">0</attwidth><atprecis Sync="TRUE">0</atprecis><attscale Sync="TRUE">0</attscale><attrdef Sync="TRUE">Feature geometry.</attrdef><attrdefs Sync="TRUE">Esri</attrdefs><attrdomv><udom Sync="TRUE">Coordinates defining the features.</udom></attrdomv></attr><attr><attrlabl Sync="TRUE">State</attrlabl><attalias Sync="TRUE">State</attalias><attrtype Sync="TRUE">String</attrtype><attwidth Sync="TRUE">50</attwidth><atprecis Sync="TRUE">0</atprecis><attscale Sync="TRUE">0</attscale></attr><attr><attrlabl Sync="TRUE">County</attrlabl><attalias Sync="TRUE">County</attalias><attrtype Sync="TRUE">String</attrtype><attwidth Sync="TRUE">50</attwidth><atprecis Sync="TRUE">0</atprecis><attscale Sync="TRUE">0</attscale></attr><attr><attrlabl Sync="TRUE">FIPS</attrlabl><attalias Sync="TRUE">FIPS</attalias><attrtype Sync="TRUE">String</attrtype><attwidth Sync="TRUE">10</attwidth><atprecis Sync="TRUE">0</atprecis><attscale Sync="TRUE">0</attscale></attr><attr><attrlabl Sync="TRUE">Cases</attrlabl><attalias Sync="TRUE">Cases</attalias><attrtype Sync="TRUE">Integer</attrtype><attwidth Sync="TRUE">10</attwidth><atprecis Sync="TRUE">10</atprecis><attscale Sync="TRUE">0</attscale></attr><attr><attrlabl Sync="TRUE">Deaths</attrlabl><attalias Sync="TRUE">Deaths</attalias><attrtype Sync="TRUE">Integer</attrtype><attwidth Sync="TRUE">10</attwidth><atprecis Sync="TRUE">10</atprecis><attscale Sync="TRUE">0</attscale></attr><attr><attrlabl Sync="TRUE">Date</attrlabl><attalias Sync="TRUE">Date</attalias><attrtype Sync="TRUE">Date</attrtype><attwidth Sync="TRUE">8</attwidth><atprecis Sync="TRUE">0</atprecis><attscale Sync="TRUE">0</attscale></attr><attr><attrlabl Sync="TRUE">PopEst2019</attrlabl><attalias Sync="TRUE">PopEst2019</attalias><attrtype Sync="TRUE">Integer</attrtype><attwidth Sync="TRUE">10</attwidth><atprecis Sync="TRUE">10</atprecis><attscale Sync="TRUE">0</attscale></attr><attr><attrlabl Sync="TRUE">Recovered</attrlabl><attalias Sync="TRUE">Recovered</attalias><attrtype Sync="TRUE">Integer</attrtype><attwidth Sync="TRUE">10</attwidth><atprecis Sync="TRUE">10</atprecis><attscale Sync="TRUE">0</attscale></attr><attr><attrlabl Sync="TRUE">PreviousDC</attrlabl><attalias Sync="TRUE">PreviousDC</attalias><attrtype Sync="TRUE">Integer</attrtype><attwidth Sync="TRUE">10</attwidth><atprecis Sync="TRUE">10</atprecis><attscale Sync="TRUE">0</attscale></attr><attr><attrlabl Sync="TRUE">PreviousWC</attrlabl><attalias Sync="TRUE">PreviousWC</attalias><attrtype Sync="TRUE">Integer</attrtype><attwidth Sync="TRUE">10</attwidth><atprecis Sync="TRUE">10</atprecis><attscale Sync="TRUE">0</attscale></attr><attr><attrlabl Sync="TRUE">PreviousDD</attrlabl><attalias Sync="TRUE">PreviousDD</attalias><attrtype Sync="TRUE">Integer</attrtype><attwidth Sync="TRUE">10</attwidth><atprecis Sync="TRUE">10</atprecis><attscale Sync="TRUE">0</attscale></attr><attr><attrlabl Sync="TRUE">PreviousWD</attrlabl><attalias Sync="TRUE">PreviousWD</attalias><attrtype Sync="TRUE">Integer</attrtype><attwidth Sync="TRUE">10</attwidth><atprecis Sync="TRUE">10</atprecis><attscale Sync="TRUE">0</attscale></attr><attr><attrlabl Sync="TRUE">Active</attrlabl><attalias Sync="TRUE">Active</attalias><attrtype Sync="TRUE">Double</attrtype><attwidth Sync="TRUE">19</attwidth><atprecis Sync="TRUE">0</atprecis><attscale Sync="TRUE">0</attscale></attr><attr><attrlabl Sync="TRUE">ActivePW</attrlabl><attalias Sync="TRUE">ActivePW</attalias><attrtype Sync="TRUE">Double</attrtype><attwidth Sync="TRUE">19</attwidth><atprecis Sync="TRUE">0</atprecis><attscale Sync="TRUE">0</attscale></attr><attr><attrlabl Sync="TRUE">ActivePWIn</attrlabl><attalias Sync="TRUE">ActivePWIn</attalias><attrtype Sync="TRUE">Double</attrtype><attwidth Sync="TRUE">19</attwidth><atprecis Sync="TRUE">0</atprecis><attscale Sync="TRUE">0</attscale></attr><attr><attrlabl Sync="TRUE">PerCap</attrlabl><attalias Sync="TRUE">PerCap</attalias><attrtype Sync="TRUE">Double</attrtype><attwidth Sync="TRUE">19</attwidth><atprecis Sync="TRUE">0</atprecis><attscale Sync="TRUE">0</attscale></attr><attr><attrlabl Sync="TRUE">AreaSM</attrlabl><attalias Sync="TRUE">AreaSM</attalias><attrtype Sync="TRUE">Double</attrtype><attwidth Sync="TRUE">19</attwidth><atprecis Sync="TRUE">0</atprecis><attscale Sync="TRUE">0</attscale></attr><attr><attrlabl Sync="TRUE">PopPerSqM</attrlabl><attalias Sync="TRUE">PopPerSqM</attalias><attrtype Sync="TRUE">Double</attrtype><attwidth Sync="TRUE">19</attwidth><atprecis Sync="TRUE">0</atprecis><attscale Sync="TRUE">0</attscale></attr><attr><attrlabl Sync="TRUE">ToShore</attrlabl><attalias Sync="TRUE">ToShore</attalias><attrtype Sync="TRUE">Double</attrtype><attwidth Sync="TRUE">19</attwidth><atprecis Sync="TRUE">0</atprecis><attscale Sync="TRUE">0</attscale></attr><attr><attrlabl Sync="TRUE">CasePerCap</attrlabl><attalias Sync="TRUE">CasePerCap</attalias><attrtype Sync="TRUE">Double</attrtype><attwidth Sync="TRUE">19</attwidth><atprecis Sync="TRUE">0</atprecis><attscale Sync="TRUE">0</attscale></attr><attr><attrlabl Sync="TRUE">DeathPerCa</attrlabl><attalias Sync="TRUE">DeathPerCa</attalias><attrtype Sync="TRUE">Double</attrtype><attwidth Sync="TRUE">19</attwidth><atprecis Sync="TRUE">0</atprecis><attscale Sync="TRUE">0</attscale></attr><attr><attrlabl Sync="TRUE">MedInc</attrlabl><attalias Sync="TRUE">MedInc</attalias><attrtype Sync="TRUE">Integer</attrtype><attwidth Sync="TRUE">10</attwidth><atprecis Sync="TRUE">10</atprecis><attscale Sync="TRUE">0</attscale></attr><attr><attrlabl Sync="TRUE">PctGOP</attrlabl><attalias Sync="TRUE">PctGOP</attalias><attrtype Sync="TRUE">Single</attrtype><attwidth Sync="TRUE">13</attwidth><atprecis Sync="TRUE">0</atprecis><attscale Sync="TRUE">0</attscale></attr><attr><attrlabl Sync="TRUE">caseFatal</attrlabl><attalias Sync="TRUE">caseFatal</attalias><attrtype Sync="TRUE">Double</attrtype><attwidth Sync="TRUE">19</attwidth><atprecis Sync="TRUE">0</atprecis><attscale Sync="TRUE">0</attscale></attr><attr><attrlabl Sync="TRUE">LastWeekC</attrlabl><attalias Sync="TRUE">LastWeekC</attalias><attrtype Sync="TRUE">Integer</attrtype><attwidth Sync="TRUE">10</attwidth><atprecis Sync="TRUE">10</atprecis><attscale Sync="TRUE">0</attscale></attr><attr><attrlabl Sync="TRUE">LastWeekD</attrlabl><attalias Sync="TRUE">LastWeekD</attalias><attrtype Sync="TRUE">Integer</attrtype><attwidth Sync="TRUE">10</attwidth><atprecis Sync="TRUE">10</atprecis><attscale Sync="TRUE">0</attscale></attr><attr><attrlabl Sync="TRUE">TwoWeekC</attrlabl><attalias Sync="TRUE">TwoWeekC</attalias><attrtype Sync="TRUE">Integer</attrtype><attwidth Sync="TRUE">10</attwidth><atprecis Sync="TRUE">10</atprecis><attscale Sync="TRUE">0</attscale></attr><attr><attrlabl Sync="TRUE">TwoWeekD</attrlabl><attalias Sync="TRUE">TwoWeekD</attalias><attrtype Sync="TRUE">Integer</attrtype><attwidth Sync="TRUE">10</attwidth><atprecis Sync="TRUE">10</atprecis><attscale Sync="TRUE">0</attscale></attr><attr><attrlabl Sync="TRUE">LastWeekCp</attrlabl><attalias Sync="TRUE">LastWeekCp</attalias><attrtype Sync="TRUE">Single</attrtype><attwidth Sync="TRUE">13</attwidth><atprecis Sync="TRUE">0</atprecis><attscale Sync="TRUE">0</attscale></attr><attr><attrlabl Sync="TRUE">LastWeekDp</attrlabl><attalias Sync="TRUE">LastWeekDp</attalias><attrtype Sync="TRUE">Single</attrtype><attwidth Sync="TRUE">13</attwidth><atprecis Sync="TRUE">0</atprecis><attscale Sync="TRUE">0</attscale></attr><attr><attrlabl Sync="TRUE">TwoWeekCpC</attrlabl><attalias Sync="TRUE">TwoWeekCpC</attalias><attrtype Sync="TRUE">Single</attrtype><attwidth Sync="TRUE">13</attwidth><atprecis Sync="TRUE">0</atprecis><attscale Sync="TRUE">0</attscale></attr><attr><attrlabl Sync="TRUE">TwoWeekDpC</attrlabl><attalias Sync="TRUE">TwoWeekDpC</attalias><attrtype Sync="TRUE">Single</attrtype><attwidth Sync="TRUE">13</attwidth><atprecis Sync="TRUE">0</atprecis><attscale Sync="TRUE">0</attscale></attr><attr><attrlabl Sync="TRUE">WeekCpCInc</attrlabl><attalias Sync="TRUE">WeekCpCInc</attalias><attrtype Sync="TRUE">Single</attrtype><attwidth Sync="TRUE">13</attwidth><atprecis Sync="TRUE">0</atprecis><attscale Sync="TRUE">0</attscale></attr><attr><attrlabl Sync="TRUE">WeekDpCInc</attrlabl><attalias Sync="TRUE">WeekDpCInc</attalias><attrtype Sync="TRUE">Single</attrtype><attwidth Sync="TRUE">13</attwidth><atprecis Sync="TRUE">0</atprecis><attscale Sync="TRUE">0</attscale></attr><attr><attrlabl Sync="TRUE">TwoWeekC_1</attrlabl><attalias Sync="TRUE">TwoWeekC_1</attalias><attrtype Sync="TRUE">Single</attrtype><attwidth Sync="TRUE">13</attwidth><atprecis Sync="TRUE">0</atprecis><attscale Sync="TRUE">0</attscale></attr><attr><attrlabl Sync="TRUE">TwoWeekD_1</attrlabl><attalias Sync="TRUE">TwoWeekD_1</attalias><attrtype Sync="TRUE">Single</attrtype><attwidth Sync="TRUE">13</attwidth><atprecis Sync="TRUE">0</atprecis><attscale Sync="TRUE">0</attscale></attr><attr><attrlabl Sync="TRUE">PctBlack</attrlabl><attalias Sync="TRUE">PctBlack</attalias><attrtype Sync="TRUE">Double</attrtype><attwidth Sync="TRUE">19</attwidth><atprecis Sync="TRUE">0</atprecis><attscale Sync="TRUE">0</attscale></attr><attr><attrlabl Sync="TRUE">PctWhite</attrlabl><attalias Sync="TRUE">PctWhite</attalias><attrtype Sync="TRUE">Double</attrtype><attwidth Sync="TRUE">19</attwidth><atprecis Sync="TRUE">0</atprecis><attscale Sync="TRUE">0</attscale></attr><attr><attrlabl Sync="TRUE">PctBachelo</attrlabl><attalias Sync="TRUE">PctBachelo</attalias><attrtype Sync="TRUE">Double</attrtype><attwidth Sync="TRUE">19</attwidth><atprecis Sync="TRUE">0</atprecis><attscale Sync="TRUE">0</attscale></attr><attr><attrlabl Sync="TRUE">PctGrad</attrlabl><attalias Sync="TRUE">PctGrad</attalias><attrtype Sync="TRUE">Double</attrtype><attwidth Sync="TRUE">19</attwidth><atprecis Sync="TRUE">0</atprecis><attscale Sync="TRUE">0</attscale></attr><attr><attrlabl Sync="TRUE">PctHispani</attrlabl><attalias Sync="TRUE">PctHispani</attalias><attrtype Sync="TRUE">Double</attrtype><attwidth Sync="TRUE">19</attwidth><atprecis Sync="TRUE">0</atprecis><attscale Sync="TRUE">0</attscale></attr><attr><attrlabl Sync="TRUE">PopEst2017</attrlabl><attalias Sync="TRUE">PopEst2017</attalias><attrtype Sync="TRUE">Double</attrtype><attwidth Sync="TRUE">19</attwidth><atprecis Sync="TRUE">0</atprecis><attscale Sync="TRUE">0</attscale></attr><attr><attrlabl Sync="TRUE">AverageHHS</attrlabl><attalias Sync="TRUE">AverageHHS</attalias><attrtype Sync="TRUE">Single</attrtype><attwidth Sync="TRUE">13</attwidth><atprecis Sync="TRUE">0</atprecis><attscale Sync="TRUE">0</attscale></attr></detailed></eainfo><mdDateSt Sync="TRUE">20201121</mdDateSt></metadata>
