<?xml version="1.0" encoding="UTF-8"?>
<metadata xml:lang="en"><Esri><CreaDate>20200411</CreaDate><CreaTime>19293600</CreaTime><ArcGISFormat>1.0</ArcGISFormat><SyncOnce>FALSE</SyncOnce><DataProperties><lineage><Process ToolSource="c:\program files (x86)\arcgis\desktop10.7\ArcToolbox\Toolboxes\Data Management Tools.tbx\Project" Date="20200404" Time="114901">Project "D:\EGIS\US boundry and census\Census_2019_us_substategeo.gdb\County" "D:\EGIS\US boundry and census\ForCoronas.gdb\Counties" PROJCS['WGS_1984_Web_Mercator_Auxiliary_Sphere',GEOGCS['GCS_WGS_1984',DATUM['D_WGS_1984',SPHEROID['WGS_1984',6378137.0,298.257223563]],PRIMEM['Greenwich',0.0],UNIT['Degree',0.0174532925199433]],PROJECTION['Mercator_Auxiliary_Sphere'],PARAMETER['False_Easting',0.0],PARAMETER['False_Northing',0.0],PARAMETER['Central_Meridian',0.0],PARAMETER['Standard_Parallel_1',0.0],PARAMETER['Auxiliary_Sphere_Type',0.0],UNIT['Meter',1.0]] WGS_1984_(ITRF00)_To_NAD_1983 GEOGCS['GCS_North_American_1983',DATUM['D_North_American_1983',SPHEROID['GRS_1980',6378137.0,298.257222101]],PRIMEM['Greenwich',0.0],UNIT['Degree',0.0174532925199433]] NO_PRESERVE_SHAPE # NO_VERTICAL</Process><Process ToolSource="c:\program files (x86)\arcgis\desktop10.7\ArcToolbox\Toolboxes\Data Management Tools.tbx\Append" Date="20200404" Time="120443">Append NYC;KC Counties NO_TEST "COUNTYNS "COUNTYNS" true true false 8 Text 0 0 ,First,#;GEOID "GEOID" true true false 5 Text 0 0 ,First,#,NYC,GEOID,-1,-1,KC,GEOID,-1,-1;NAMELSAD "NAMELSAD" true true false 100 Text 0 0 ,First,#,NYC,NAMELSAD,-1,-1,KC,NAMELSAD,-1,-1;CLASSFP "CLASSFP" true true false 2 Text 0 0 ,First,#,NYC,CLASSFP,-1,-1,KC,CLASSFP,-1,-1;FUNCSTAT "FUNCSTAT" true true false 1 Text 0 0 ,First,#,NYC,FUNCSTAT,-1,-1,KC,FUNCSTAT,-1,-1;ALAND "ALAND" true true false 8 Double 0 0 ,First,#,NYC,ALAND,-1,-1,KC,ALAND,-1,-1;AWATER "AWATER" true true false 8 Double 0 0 ,First,#,NYC,AWATER,-1,-1,KC,AWATER,-1,-1;INTPTLAT "INTPTLAT" true true false 11 Text 0 0 ,First,#,NYC,INTPTLAT,-1,-1,KC,INTPTLAT,-1,-1;INTPTLON "INTPTLON" true true false 12 Text 0 0 ,First,#,NYC,INTPTLON,-1,-1,KC,INTPTLON,-1,-1;SHAPE_Length "SHAPE_Length" false true true 8 Double 0 0 ,First,#,NYC,SHAPE_Length,-1,-1,KC,SHAPE_Length,-1,-1;SHAPE_Area "SHAPE_Area" false true true 8 Double 0 0 ,First,#,NYC,SHAPE_Area,-1,-1,KC,SHAPE_Area,-1,-1" #</Process><Process ToolSource="c:\program files (x86)\arcgis\desktop10.7\ArcToolbox\Toolboxes\Data Management Tools.tbx\Append" Date="20200404" Time="120638">Append NYC;KC Counties NO_TEST "COUNTYNS "COUNTYNS" true true false 8 Text 0 0 ,First,#;GEOID "GEOID" true true false 5 Text 0 0 ,First,#,NYC,GEOID,-1,-1,KC,GEOID,-1,-1;NAMELSAD "NAMELSAD" true true false 100 Text 0 0 ,First,#,NYC,NAMELSAD,-1,-1,KC,NAMELSAD,-1,-1;CLASSFP "CLASSFP" true true false 2 Text 0 0 ,First,#;FUNCSTAT "FUNCSTAT" true true false 1 Text 0 0 ,First,#;ALAND "ALAND" true true false 8 Double 0 0 ,First,#;AWATER "AWATER" true true false 8 Double 0 0 ,First,#;INTPTLAT "INTPTLAT" true true false 11 Text 0 0 ,First,#;INTPTLON "INTPTLON" true true false 12 Text 0 0 ,First,#;SHAPE_Length "SHAPE_Length" false true true 8 Double 0 0 ,First,#,NYC,SHAPE_Length,-1,-1,KC,SHAPE_Length,-1,-1;SHAPE_Area "SHAPE_Area" false true true 8 Double 0 0 ,First,#,NYC,SHAPE_Area,-1,-1,KC,SHAPE_Area,-1,-1" #</Process><Process ToolSource="c:\program files (x86)\arcgis\desktop10.7\ArcToolbox\Toolboxes\Data Management Tools.tbx\Append" Date="20200404" Time="120721">Append NYC;KC Counties NO_TEST "COUNTYNS "COUNTYNS" true true false 8 Text 0 0 ,First,#;GEOID "GEOID" true true false 5 Text 0 0 ,First,#;NAMELSAD "NAMELSAD" true true false 100 Text 0 0 ,First,#,NYC,NAMELSAD,-1,-1,KC,NAMELSAD,-1,-1;CLASSFP "CLASSFP" true true false 2 Text 0 0 ,First,#,NYC,CLASSFP,-1,-1,KC,CLASSFP,-1,-1;FUNCSTAT "FUNCSTAT" true true false 1 Text 0 0 ,First,#,NYC,FUNCSTAT,-1,-1,KC,FUNCSTAT,-1,-1;ALAND "ALAND" true true false 8 Double 0 0 ,First,#,NYC,ALAND,-1,-1,KC,ALAND,-1,-1;AWATER "AWATER" true true false 8 Double 0 0 ,First,#,NYC,AWATER,-1,-1,KC,AWATER,-1,-1;INTPTLAT "INTPTLAT" true true false 11 Text 0 0 ,First,#,NYC,INTPTLAT,-1,-1,KC,INTPTLAT,-1,-1;INTPTLON "INTPTLON" true true false 12 Text 0 0 ,First,#,NYC,INTPTLON,-1,-1,KC,INTPTLON,-1,-1;SHAPE_Length "SHAPE_Length" false true true 8 Double 0 0 ,First,#,NYC,SHAPE_Length,-1,-1,KC,SHAPE_Length,-1,-1;SHAPE_Area "SHAPE_Area" false true true 8 Double 0 0 ,First,#,NYC,SHAPE_Area,-1,-1,KC,SHAPE_Area,-1,-1" #</Process><Process ToolSource="c:\program files (x86)\arcgis\desktop10.7\ArcToolbox\Toolboxes\Data Management Tools.tbx\FeatureToPoint" Date="20200404" Time="121608">FeatureToPoint Counties "D:\EGIS\US boundry and census\ForCoronas.gdb\Reference\Centers" CENTROID</Process><Process ToolSource="c:\program files (x86)\arcgis\desktop10.7\ArcToolbox\Toolboxes\Data Management Tools.tbx\CalculateField" Date="20200404" Time="122110">CalculateField Centers FIPS [GEOID] VB #</Process><Process ToolSource="c:\program files (x86)\arcgis\desktop10.7\ArcToolbox\Toolboxes\Data Management Tools.tbx\CalculateField" Date="20200404" Time="122223">CalculateField Centers County !NAMELSAD!.split(" ")[0] PYTHON_9.3 #</Process><Process ToolSource="c:\program files (x86)\arcgis\desktop10.7\ArcToolbox\Toolboxes\Data Management Tools.tbx\AddXY" Date="20200404" Time="123147">AddXY Template</Process><Process ToolSource="c:\program files (x86)\arcgis\desktop10.7\ArcToolbox\Toolboxes\Data Management Tools.tbx\CalculateField" Date="20200404" Time="123708">CalculateField CC County [NAMELSAD] VB #</Process><Process ToolSource="c:\program files (x86)\arcgis\desktop10.7\ArcToolbox\Toolboxes\Data Management Tools.tbx\CalculateField" Date="20200404" Time="123723">CalculateField CC County [NAMELSAD] VB #</Process></lineage><itemProps><itemName Sync="TRUE">Centers</itemName><imsContentType Sync="TRUE">002</imsContentType><itemLocation><linkage Sync="TRUE">file://\\DESKTOP-FCC2VQN\Users\hedlu\Desktop\corona\raw.gdb</linkage><protocol Sync="TRUE">Local Area Network</protocol></itemLocation></itemProps><coordRef><type Sync="TRUE">Projected</type><geogcsn Sync="TRUE">GCS_WGS_1984</geogcsn><csUnits Sync="TRUE">Linear Unit: Meter (1.000000)</csUnits><projcsn Sync="TRUE">WGS_1984_Web_Mercator_Auxiliary_Sphere</projcsn><peXml Sync="TRUE">&lt;ProjectedCoordinateSystem xsi:type='typens:ProjectedCoordinateSystem' xmlns:xsi='http://www.w3.org/2001/XMLSchema-instance' xmlns:xs='http://www.w3.org/2001/XMLSchema' xmlns:typens='http://www.esri.com/schemas/ArcGIS/10.7'&gt;&lt;WKT&gt;PROJCS[&amp;quot;WGS_1984_Web_Mercator_Auxiliary_Sphere&amp;quot;,GEOGCS[&amp;quot;GCS_WGS_1984&amp;quot;,DATUM[&amp;quot;D_WGS_1984&amp;quot;,SPHEROID[&amp;quot;WGS_1984&amp;quot;,6378137.0,298.257223563]],PRIMEM[&amp;quot;Greenwich&amp;quot;,0.0],UNIT[&amp;quot;Degree&amp;quot;,0.0174532925199433]],PROJECTION[&amp;quot;Mercator_Auxiliary_Sphere&amp;quot;],PARAMETER[&amp;quot;False_Easting&amp;quot;,0.0],PARAMETER[&amp;quot;False_Northing&amp;quot;,0.0],PARAMETER[&amp;quot;Central_Meridian&amp;quot;,0.0],PARAMETER[&amp;quot;Standard_Parallel_1&amp;quot;,0.0],PARAMETER[&amp;quot;Auxiliary_Sphere_Type&amp;quot;,0.0],UNIT[&amp;quot;Meter&amp;quot;,1.0],AUTHORITY[&amp;quot;EPSG&amp;quot;,3857]]&lt;/WKT&gt;&lt;XOrigin&gt;-20037700&lt;/XOrigin&gt;&lt;YOrigin&gt;-30241100&lt;/YOrigin&gt;&lt;XYScale&gt;10000&lt;/XYScale&gt;&lt;ZOrigin&gt;-100000&lt;/ZOrigin&gt;&lt;ZScale&gt;10000&lt;/ZScale&gt;&lt;MOrigin&gt;-100000&lt;/MOrigin&gt;&lt;MScale&gt;10000&lt;/MScale&gt;&lt;XYTolerance&gt;0.001&lt;/XYTolerance&gt;&lt;ZTolerance&gt;0.001&lt;/ZTolerance&gt;&lt;MTolerance&gt;0.001&lt;/MTolerance&gt;&lt;HighPrecision&gt;true&lt;/HighPrecision&gt;&lt;WKID&gt;102100&lt;/WKID&gt;&lt;LatestWKID&gt;3857&lt;/LatestWKID&gt;&lt;/ProjectedCoordinateSystem&gt;</peXml></coordRef></DataProperties><SyncDate>20200404</SyncDate><SyncTime>12160600</SyncTime><ModDate>20200404</ModDate><ModTime>12160600</ModTime></Esri><dataIdInfo><envirDesc Sync="TRUE"> Version 6.2 (Build 9200) ; Esri ArcGIS 10.7.1.11595</envirDesc><dataLang><languageCode value="eng" Sync="TRUE"></languageCode><countryCode value="USA" Sync="TRUE"></countryCode></dataLang><idCitation><resTitle Sync="TRUE">Centers</resTitle><presForm><PresFormCd value="005" Sync="TRUE"></PresFormCd></presForm></idCitation><spatRpType><SpatRepTypCd value="001" Sync="TRUE"></SpatRepTypCd></spatRpType></dataIdInfo><mdLang><languageCode value="eng" Sync="TRUE"></languageCode><countryCode value="USA" Sync="TRUE"></countryCode></mdLang><distInfo><distFormat><formatName Sync="TRUE">File Geodatabase Feature Class</formatName></distFormat></distInfo><mdHrLv><ScopeCd value="005" Sync="TRUE"></ScopeCd></mdHrLv><mdHrLvName Sync="TRUE">dataset</mdHrLvName><refSysInfo><RefSystem><refSysID><identCode code="3857" Sync="TRUE"></identCode><idCodeSpace Sync="TRUE">EPSG</idCodeSpace><idVersion Sync="TRUE">8.8(9.3.1.2)</idVersion></refSysID></RefSystem></refSysInfo><spatRepInfo><VectSpatRep><geometObjs Name="Centers"><geoObjTyp><GeoObjTypCd value="004" Sync="TRUE"></GeoObjTypCd></geoObjTyp><geoObjCnt Sync="TRUE">0</geoObjCnt></geometObjs><topLvl><TopoLevCd value="001" Sync="TRUE"></TopoLevCd></topLvl></VectSpatRep></spatRepInfo><spdoinfo><ptvctinf><esriterm Name="Centers"><efeatyp Sync="TRUE">Simple</efeatyp><efeageom code="1" Sync="TRUE"></efeageom><esritopo Sync="TRUE">FALSE</esritopo><efeacnt Sync="TRUE">0</efeacnt><spindex Sync="TRUE">TRUE</spindex><linrefer Sync="TRUE">FALSE</linrefer></esriterm></ptvctinf></spdoinfo><eainfo><detailed Name="Centers"><enttyp><enttypl Sync="TRUE">Centers</enttypl><enttypt Sync="TRUE">Feature Class</enttypt><enttypc Sync="TRUE">0</enttypc></enttyp><attr><attrlabl Sync="TRUE">OBJECTID</attrlabl><attalias Sync="TRUE">OBJECTID</attalias><attrtype Sync="TRUE">OID</attrtype><attwidth Sync="TRUE">4</attwidth><atprecis Sync="TRUE">0</atprecis><attscale Sync="TRUE">0</attscale><attrdef Sync="TRUE">Internal feature number.</attrdef><attrdefs Sync="TRUE">Esri</attrdefs><attrdomv><udom Sync="TRUE">Sequential unique whole numbers that are automatically generated.</udom></attrdomv></attr><attr><attrlabl Sync="TRUE">SHAPE</attrlabl><attalias Sync="TRUE">SHAPE</attalias><attrtype Sync="TRUE">Geometry</attrtype><attwidth Sync="TRUE">0</attwidth><atprecis Sync="TRUE">0</atprecis><attscale Sync="TRUE">0</attscale><attrdef Sync="TRUE">Feature geometry.</attrdef><attrdefs Sync="TRUE">Esri</attrdefs><attrdomv><udom Sync="TRUE">Coordinates defining the features.</udom></attrdomv></attr><attr><attrlabl Sync="TRUE">GEOID</attrlabl><attalias Sync="TRUE">GEOID</attalias><attrtype Sync="TRUE">String</attrtype><attwidth Sync="TRUE">5</attwidth><atprecis Sync="TRUE">0</atprecis><attscale Sync="TRUE">0</attscale></attr><attr><attrlabl Sync="TRUE">NAMELSAD</attrlabl><attalias Sync="TRUE">NAMELSAD</attalias><attrtype Sync="TRUE">String</attrtype><attwidth Sync="TRUE">100</attwidth><atprecis Sync="TRUE">0</atprecis><attscale Sync="TRUE">0</attscale></attr><attr><attrlabl Sync="TRUE">ORIG_FID</attrlabl><attalias Sync="TRUE">ORIG_FID</attalias><attrtype Sync="TRUE">Integer</attrtype><attwidth Sync="TRUE">4</attwidth><atprecis Sync="TRUE">0</atprecis><attscale Sync="TRUE">0</attscale></attr></detailed></eainfo><mdDateSt Sync="TRUE">20200404</mdDateSt></metadata>
