<metadata xml:lang="en"><Esri><CreaDate>20200424</CreaDate><CreaTime>19524200</CreaTime><ArcGISFormat>1.0</ArcGISFormat><SyncOnce>FALSE</SyncOnce><DataProperties><lineage><Process ToolSource="c:\program files\arcgis\pro\Resources\ArcToolbox\toolboxes\Data Management Tools.tbx\CreateFeatureclass" Date="20200424" Time="195242">CreateFeatureclass C:/Users/hedlu/Desktop/corona/raw.gdb us_counties4_23_z Point C:/Users/hedlu/Desktop/corona/raw.gdb/Template No No "PROJCS['WGS_1984_Web_Mercator_Auxiliary_Sphere',GEOGCS['GCS_WGS_1984',DATUM['D_WGS_1984',SPHEROID['WGS_1984',6378137.0,298.257223563]],PRIMEM['Greenwich',0.0],UNIT['Degree',0.0174532925199433]],PROJECTION['Mercator_Auxiliary_Sphere'],PARAMETER['False_Easting',0.0],PARAMETER['False_Northing',0.0],PARAMETER['Central_Meridian',0.0],PARAMETER['Standard_Parallel_1',0.0],PARAMETER['Auxiliary_Sphere_Type',0.0],UNIT['Meter',1.0]];-20037700 -30241100 10000;-100000 10000;-100000 10000;0.001;0.001;0.001;IsHighPrecision" # 0 0 0 #</Process><Process ToolSource="c:\program files\arcgis\pro\Resources\ArcToolbox\toolboxes\Data Management Tools.tbx\Sort" Date="20200424" Time="195249">Sort C:/Users/hedlu/Desktop/corona/raw.gdb/us_counties4_23_z C:\Users\hedlu\Desktop\corona\raw.gdb\us_counties4_23 "FIPS ASCENDING;Date ASCENDING" "Upper right"</Process><Process ToolSource="c:\program files\arcgis\pro\Resources\ArcToolbox\toolboxes\Conversion Tools.tbx\FeatureClassToFeatureClass" Date="20200424" Time="200443">FeatureClassToFeatureClass C:\Users\hedlu\Desktop\corona\raw.gdb\us_counties4_23 C:\Users\hedlu\Desktop\corona\Git us_counties4_23.shp # "State "State" true true false 50 Text 0 0,First,#,C:\Users\hedlu\Desktop\corona\raw.gdb\us_counties4_23,State,0,50;County "County" true true false 50 Text 0 0,First,#,C:\Users\hedlu\Desktop\corona\raw.gdb\us_counties4_23,County,0,50;FIPS "FIPS" true true false 10 Text 0 0,First,#,C:\Users\hedlu\Desktop\corona\raw.gdb\us_counties4_23,FIPS,0,10;Cases "Cases" true true false 4 Long 0 0,First,#,C:\Users\hedlu\Desktop\corona\raw.gdb\us_counties4_23,Cases,-1,-1;Deaths "Deaths" true true false 4 Long 0 0,First,#,C:\Users\hedlu\Desktop\corona\raw.gdb\us_counties4_23,Deaths,-1,-1;Date "Date" true true false 8 Date 0 0,First,#,C:\Users\hedlu\Desktop\corona\raw.gdb\us_counties4_23,Date,-1,-1;PopEst2019 "PopEst2019" true true false 4 Long 0 0,First,#,C:\Users\hedlu\Desktop\corona\raw.gdb\us_counties4_23,PopEst2019,-1,-1;Recovered "Recovered" true true false 4 Long 0 0,First,#,C:\Users\hedlu\Desktop\corona\raw.gdb\us_counties4_23,Recovered,-1,-1;PreviousDC "PreviousDC" true true false 4 Long 0 0,First,#,C:\Users\hedlu\Desktop\corona\raw.gdb\us_counties4_23,PreviousDC,-1,-1;PreviousWC "PreviousWC" true true false 4 Long 0 0,First,#,C:\Users\hedlu\Desktop\corona\raw.gdb\us_counties4_23,PreviousWC,-1,-1;PreviousDD "PreviousDD" true true false 4 Long 0 0,First,#,C:\Users\hedlu\Desktop\corona\raw.gdb\us_counties4_23,PreviousDD,-1,-1;PreviousWD "PreviousWD" true true false 4 Long 0 0,First,#,C:\Users\hedlu\Desktop\corona\raw.gdb\us_counties4_23,PreviousWD,-1,-1;Active "Active" true true false 8 Double 0 0,First,#,C:\Users\hedlu\Desktop\corona\raw.gdb\us_counties4_23,Active,-1,-1;ActivePW "ActivePW" true true false 8 Double 0 0,First,#,C:\Users\hedlu\Desktop\corona\raw.gdb\us_counties4_23,ActivePW,-1,-1;ActivePWIn "ActivePWInc" true true false 8 Double 0 0,First,#,C:\Users\hedlu\Desktop\corona\raw.gdb\us_counties4_23,ActivePWInc,-1,-1;PerCap "PerCap" true true false 8 Double 0 0,First,#,C:\Users\hedlu\Desktop\corona\raw.gdb\us_counties4_23,PerCap,-1,-1" #</Process></lineage><itemProps><itemName Sync="TRUE">us_counties4_23</itemName><imsContentType Sync="TRUE">002</imsContentType><itemLocation><linkage Sync="TRUE">file://\\DESKTOP-FCC2VQN\Users\hedlu\Desktop\corona\Git\us_counties4_23.shp</linkage><protocol Sync="TRUE">Local Area Network</protocol></itemLocation><itemSize Sync="TRUE">0.000</itemSize></itemProps><coordRef><type Sync="TRUE">Projected</type><geogcsn Sync="TRUE">GCS_WGS_1984</geogcsn><csUnits Sync="TRUE">Linear Unit: Meter (1.000000)</csUnits><projcsn Sync="TRUE">WGS_1984_Web_Mercator_Auxiliary_Sphere</projcsn><peXml Sync="TRUE">&lt;ProjectedCoordinateSystem xsi:type='typens:ProjectedCoordinateSystem' xmlns:xsi='http://www.w3.org/2001/XMLSchema-instance' xmlns:xs='http://www.w3.org/2001/XMLSchema' xmlns:typens='http://www.esri.com/schemas/ArcGIS/2.5.0'&gt;&lt;WKT&gt;PROJCS[&amp;quot;WGS_1984_Web_Mercator_Auxiliary_Sphere&amp;quot;,GEOGCS[&amp;quot;GCS_WGS_1984&amp;quot;,DATUM[&amp;quot;D_WGS_1984&amp;quot;,SPHEROID[&amp;quot;WGS_1984&amp;quot;,6378137.0,298.257223563]],PRIMEM[&amp;quot;Greenwich&amp;quot;,0.0],UNIT[&amp;quot;Degree&amp;quot;,0.0174532925199433]],PROJECTION[&amp;quot;Mercator_Auxiliary_Sphere&amp;quot;],PARAMETER[&amp;quot;False_Easting&amp;quot;,0.0],PARAMETER[&amp;quot;False_Northing&amp;quot;,0.0],PARAMETER[&amp;quot;Central_Meridian&amp;quot;,0.0],PARAMETER[&amp;quot;Standard_Parallel_1&amp;quot;,0.0],PARAMETER[&amp;quot;Auxiliary_Sphere_Type&amp;quot;,0.0],UNIT[&amp;quot;Meter&amp;quot;,1.0],AUTHORITY[&amp;quot;EPSG&amp;quot;,3857]]&lt;/WKT&gt;&lt;XOrigin&gt;-20037700&lt;/XOrigin&gt;&lt;YOrigin&gt;-30241100&lt;/YOrigin&gt;&lt;XYScale&gt;148923141.92838538&lt;/XYScale&gt;&lt;ZOrigin&gt;-100000&lt;/ZOrigin&gt;&lt;ZScale&gt;10000&lt;/ZScale&gt;&lt;MOrigin&gt;-100000&lt;/MOrigin&gt;&lt;MScale&gt;10000&lt;/MScale&gt;&lt;XYTolerance&gt;0.001&lt;/XYTolerance&gt;&lt;ZTolerance&gt;0.001&lt;/ZTolerance&gt;&lt;MTolerance&gt;0.001&lt;/MTolerance&gt;&lt;HighPrecision&gt;true&lt;/HighPrecision&gt;&lt;WKID&gt;102100&lt;/WKID&gt;&lt;LatestWKID&gt;3857&lt;/LatestWKID&gt;&lt;/ProjectedCoordinateSystem&gt;</peXml></coordRef></DataProperties><SyncDate>20200424</SyncDate><SyncTime>20043700</SyncTime><ModDate>20200424</ModDate><ModTime>20043700</ModTime></Esri><dataIdInfo><envirDesc Sync="TRUE">Microsoft Windows 10 Version 10.0 (Build 18362) ; Esri ArcGIS 12.5.0.22081</envirDesc><dataLang><languageCode value="eng" Sync="TRUE"></languageCode><countryCode value="USA" Sync="TRUE"></countryCode></dataLang><idCitation><resTitle Sync="TRUE">us_counties4_23</resTitle><presForm><PresFormCd value="005" Sync="TRUE"></PresFormCd></presForm></idCitation><spatRpType><SpatRepTypCd value="001" Sync="TRUE"></SpatRepTypCd></spatRpType></dataIdInfo><mdLang><languageCode value="eng" Sync="TRUE"></languageCode><countryCode value="USA" Sync="TRUE"></countryCode></mdLang><distInfo><distFormat><formatName Sync="TRUE">Shapefile</formatName></distFormat><distTranOps><transSize Sync="TRUE">0.000</transSize></distTranOps></distInfo><mdHrLv><ScopeCd value="005" Sync="TRUE"></ScopeCd></mdHrLv><mdHrLvName Sync="TRUE">dataset</mdHrLvName><refSysInfo><RefSystem><refSysID><identCode code="3857" Sync="TRUE"></identCode><idCodeSpace Sync="TRUE">EPSG</idCodeSpace><idVersion Sync="TRUE">8.8(9.3.1.2)</idVersion></refSysID></RefSystem></refSysInfo><spatRepInfo><VectSpatRep><geometObjs Name="us_counties4_23"><geoObjTyp><GeoObjTypCd value="004" Sync="TRUE"></GeoObjTypCd></geoObjTyp><geoObjCnt Sync="TRUE">0</geoObjCnt></geometObjs><topLvl><TopoLevCd value="001" Sync="TRUE"></TopoLevCd></topLvl></VectSpatRep></spatRepInfo><spdoinfo><ptvctinf><esriterm Name="us_counties4_23"><efeatyp Sync="TRUE">Simple</efeatyp><efeageom code="1" Sync="TRUE"></efeageom><esritopo Sync="TRUE">FALSE</esritopo><efeacnt Sync="TRUE">0</efeacnt><spindex Sync="TRUE">FALSE</spindex><linrefer Sync="TRUE">FALSE</linrefer></esriterm></ptvctinf></spdoinfo><eainfo><detailed Name="us_counties4_23"><enttyp><enttypl Sync="TRUE">us_counties4_23</enttypl><enttypt Sync="TRUE">Feature Class</enttypt><enttypc Sync="TRUE">0</enttypc></enttyp><attr><attrlabl Sync="TRUE">FID</attrlabl><attalias Sync="TRUE">FID</attalias><attrtype Sync="TRUE">OID</attrtype><attwidth Sync="TRUE">4</attwidth><atprecis Sync="TRUE">0</atprecis><attscale Sync="TRUE">0</attscale><attrdef Sync="TRUE">Internal feature number.</attrdef><attrdefs Sync="TRUE">Esri</attrdefs><attrdomv><udom Sync="TRUE">Sequential unique whole numbers that are automatically generated.</udom></attrdomv></attr><attr><attrlabl Sync="TRUE">SHAPE</attrlabl><attalias Sync="TRUE">Shape</attalias><attrtype Sync="TRUE">Geometry</attrtype><attwidth Sync="TRUE">0</attwidth><atprecis Sync="TRUE">0</atprecis><attscale Sync="TRUE">0</attscale><attrdef Sync="TRUE">Feature geometry.</attrdef><attrdefs Sync="TRUE">Esri</attrdefs><attrdomv><udom Sync="TRUE">Coordinates defining the features.</udom></attrdomv></attr><attr><attrlabl Sync="TRUE">State</attrlabl><attalias Sync="TRUE">State</attalias><attrtype Sync="TRUE">String</attrtype><attwidth Sync="TRUE">50</attwidth><atprecis Sync="TRUE">0</atprecis><attscale Sync="TRUE">0</attscale></attr><attr><attrlabl Sync="TRUE">County</attrlabl><attalias Sync="TRUE">County</attalias><attrtype Sync="TRUE">String</attrtype><attwidth Sync="TRUE">50</attwidth><atprecis Sync="TRUE">0</atprecis><attscale Sync="TRUE">0</attscale></attr><attr><attrlabl Sync="TRUE">FIPS</attrlabl><attalias Sync="TRUE">FIPS</attalias><attrtype Sync="TRUE">String</attrtype><attwidth Sync="TRUE">10</attwidth><atprecis Sync="TRUE">0</atprecis><attscale Sync="TRUE">0</attscale></attr><attr><attrlabl Sync="TRUE">Cases</attrlabl><attalias Sync="TRUE">Cases</attalias><attrtype Sync="TRUE">Integer</attrtype><attwidth Sync="TRUE">10</attwidth><atprecis Sync="TRUE">10</atprecis><attscale Sync="TRUE">0</attscale></attr><attr><attrlabl Sync="TRUE">Deaths</attrlabl><attalias Sync="TRUE">Deaths</attalias><attrtype Sync="TRUE">Integer</attrtype><attwidth Sync="TRUE">10</attwidth><atprecis Sync="TRUE">10</atprecis><attscale Sync="TRUE">0</attscale></attr><attr><attrlabl Sync="TRUE">Date</attrlabl><attalias Sync="TRUE">Date</attalias><attrtype Sync="TRUE">Date</attrtype><attwidth Sync="TRUE">8</attwidth><atprecis Sync="TRUE">0</atprecis><attscale Sync="TRUE">0</attscale></attr><attr><attrlabl Sync="TRUE">PopEst2019</attrlabl><attalias Sync="TRUE">PopEst2019</attalias><attrtype Sync="TRUE">Integer</attrtype><attwidth Sync="TRUE">10</attwidth><atprecis Sync="TRUE">10</atprecis><attscale Sync="TRUE">0</attscale></attr><attr><attrlabl Sync="TRUE">Recovered</attrlabl><attalias Sync="TRUE">Recovered</attalias><attrtype Sync="TRUE">Integer</attrtype><attwidth Sync="TRUE">10</attwidth><atprecis Sync="TRUE">10</atprecis><attscale Sync="TRUE">0</attscale></attr><attr><attrlabl Sync="TRUE">PreviousDC</attrlabl><attalias Sync="TRUE">PreviousDC</attalias><attrtype Sync="TRUE">Integer</attrtype><attwidth Sync="TRUE">10</attwidth><atprecis Sync="TRUE">10</atprecis><attscale Sync="TRUE">0</attscale></attr><attr><attrlabl Sync="TRUE">PreviousWC</attrlabl><attalias Sync="TRUE">PreviousWC</attalias><attrtype Sync="TRUE">Integer</attrtype><attwidth Sync="TRUE">10</attwidth><atprecis Sync="TRUE">10</atprecis><attscale Sync="TRUE">0</attscale></attr><attr><attrlabl Sync="TRUE">PreviousDD</attrlabl><attalias Sync="TRUE">PreviousDD</attalias><attrtype Sync="TRUE">Integer</attrtype><attwidth Sync="TRUE">10</attwidth><atprecis Sync="TRUE">10</atprecis><attscale Sync="TRUE">0</attscale></attr><attr><attrlabl Sync="TRUE">PreviousWD</attrlabl><attalias Sync="TRUE">PreviousWD</attalias><attrtype Sync="TRUE">Integer</attrtype><attwidth Sync="TRUE">10</attwidth><atprecis Sync="TRUE">10</atprecis><attscale Sync="TRUE">0</attscale></attr><attr><attrlabl Sync="TRUE">Active</attrlabl><attalias Sync="TRUE">Active</attalias><attrtype Sync="TRUE">Double</attrtype><attwidth Sync="TRUE">19</attwidth><atprecis Sync="TRUE">0</atprecis><attscale Sync="TRUE">0</attscale></attr><attr><attrlabl Sync="TRUE">ActivePW</attrlabl><attalias Sync="TRUE">ActivePW</attalias><attrtype Sync="TRUE">Double</attrtype><attwidth Sync="TRUE">19</attwidth><atprecis Sync="TRUE">0</atprecis><attscale Sync="TRUE">0</attscale></attr><attr><attrlabl Sync="TRUE">ActivePWIn</attrlabl><attalias Sync="TRUE">ActivePWIn</attalias><attrtype Sync="TRUE">Double</attrtype><attwidth Sync="TRUE">19</attwidth><atprecis Sync="TRUE">0</atprecis><attscale Sync="TRUE">0</attscale></attr><attr><attrlabl Sync="TRUE">PerCap</attrlabl><attalias Sync="TRUE">PerCap</attalias><attrtype Sync="TRUE">Double</attrtype><attwidth Sync="TRUE">19</attwidth><atprecis Sync="TRUE">0</atprecis><attscale Sync="TRUE">0</attscale></attr></detailed></eainfo><mdDateSt Sync="TRUE">20200424</mdDateSt></metadata>
